date,redfin,zillow
2022-02-27T07:55:28.376594+00:00,802757,819000
2022-02-28T05:11:44.227640+00:00,802757,819000
2022-03-01T05:16:49.848259+00:00,NaN,819000
2022-03-02T05:16:25.373109+00:00,802757,819000
2022-03-03T05:20:27.241927+00:00,802757,NaN
2022-03-04T05:12:40.653562+00:00,802757,821800
2022-03-05T05:12:45.256007+00:00,802757,850900
2022-03-06T05:12:15.317698+00:00,802757,850900
2022-03-07T05:11:57.539595+00:00,815129,850900
2022-03-08T05:11:33.508398+00:00,815129,850900
2022-03-09T05:12:05.436868+00:00,815129,850900
2022-03-10T05:13:35.168560+00:00,815129,853800
2022-03-11T05:11:25.895375+00:00,815129,853800
2022-03-12T05:11:10.665764+00:00,815129,853800
2022-03-13T05:16:21.347117+00:00,815129,853800
2022-03-14T05:32:57.746448+00:00,818719,878900
2022-03-15T05:12:16.257210+00:00,818719,878900
2022-03-16T05:12:40.599730+00:00,818719,878900
2022-03-17T05:11:36.504953+00:00,818719,878900
2022-03-18T05:11:41.513939+00:00,818719,878900
2022-03-19T05:11:07.293972+00:00,818719,881700
2022-03-20T05:11:09.759699+00:00,818719,881700
2022-03-21T05:11:57.285409+00:00,818278,881700
2022-03-22T05:12:47.607935+00:00,818278,886900
2022-03-23T05:11:47.158371+00:00,818278,886900
2022-03-24T05:12:33.294149+00:00,818278,886900
2022-03-25T05:12:08.033914+00:00,818278,893500
2022-03-26T05:13:06.862588+00:00,818278,893500
2022-03-27T05:11:46.938207+00:00,818780,893500
2022-03-28T05:13:16.208986+00:00,818780,887000
2022-03-29T05:17:38.747948+00:00,818780,887000
2022-03-30T05:14:16.981423+00:00,818780,887000
2022-03-31T05:11:49.268462+00:00,818780,887000
2022-04-01T05:11:59.717683+00:00,818780,887000
2022-04-02T05:11:34.336746+00:00,820047,887000
2022-04-03T05:11:29.293202+00:00,820047,892500
2022-04-04T05:12:05.231816+00:00,820047,892500
2022-04-05T05:12:31.359167+00:00,820047,892500
2022-04-06T05:11:54.945827+00:00,820047,892500
2022-04-07T05:12:06.722145+00:00,820047,892500
2022-04-08T05:12:04.583540+00:00,820047,892500
2022-04-09T05:11:28.634686+00:00,820047,900000
2022-04-10T05:11:42.807889+00:00,820047,900000
2022-04-11T05:12:05.143408+00:00,820047,900000
2022-04-12T05:11:49.481498+00:00,820047,903800
2022-04-13T05:12:11.440477+00:00,820047,903800
2022-04-14T05:12:10.008533+00:00,853848,903800
2022-04-15T05:18:54.090132+00:00,853848,903800
2022-04-16T05:11:41.272066+00:00,853848,903800
2022-04-17T05:11:41.332262+00:00,853848,903800
2022-04-18T05:13:16.416669+00:00,853848,903800
2022-04-19T05:20:30.311099+00:00,853848,903800
2022-04-20T05:31:12.303630+00:00,853848,903800
2022-04-21T05:33:14.204150+00:00,853848,903800
2022-04-22T05:32:03.648370+00:00,854576,903800
2022-04-23T05:11:20.561416+00:00,854576,903800
2022-04-24T05:12:45.320725+00:00,854576,903800
2022-04-25T05:13:33.706616+00:00,854576,903800
2022-04-26T05:16:14.333010+00:00,853421,903800
2022-04-27T05:25:07.933499+00:00,853421,903800
2022-04-28T05:37:39.350354+00:00,853421,903800
2022-04-29T05:16:29.321756+00:00,853421,903800
2022-04-30T05:12:27.283152+00:00,853421,903800
2022-05-01T05:18:40.349591+00:00,853759,903800
2022-05-02T05:27:03.993934+00:00,853759,903800
2022-05-03T05:16:34.080687+00:00,853759,903800
2022-05-04T05:16:25.315501+00:00,853759,903800
2022-05-05T05:19:08.851710+00:00,853759,903800
2022-05-06T05:13:11.196984+00:00,853759,903800
2022-05-07T05:12:20.735988+00:00,853759,903800
2022-05-08T05:12:39.932327+00:00,853759,908500
2022-05-09T05:17:41.217795+00:00,889621,908500
2022-05-10T05:13:39.346892+00:00,889621,908500
2022-05-11T05:23:51.141614+00:00,889621,908500
2022-05-12T05:20:03.170386+00:00,889621,908500
2022-05-13T05:37:57.510668+00:00,889621,908500
2022-05-14T05:55:00.704485+00:00,889621,908500
2022-05-15T05:16:11.837004+00:00,889621,908500
2022-05-16T05:19:23.742809+00:00,889621,908500
2022-05-17T05:18:19.049239+00:00,889621,908500
2022-05-18T05:18:44.137720+00:00,889621,908500
2022-05-19T05:18:18.225718+00:00,894846,911400
2022-05-20T05:15:50.189295+00:00,894846,911400
2022-05-21T05:13:11.173234+00:00,894846,911400
2022-05-22T05:13:48.359491+00:00,894846,911400
2022-05-23T05:19:34.720860+00:00,894846,911400
2022-05-24T05:19:09.897091+00:00,891906,911400
2022-05-25T05:17:58.775615+00:00,891906,911400
2022-05-26T05:17:53.226690+00:00,891906,911400
2022-05-27T05:18:18.134967+00:00,891906,914500
2022-05-28T05:13:32.594213+00:00,891906,914500
2022-05-29T05:16:40.488282+00:00,891906,914500
2022-05-30T05:23:07.243681+00:00,891906,914500
2022-05-31T05:19:39.751243+00:00,891906,914500
2022-06-01T05:42:52.335584+00:00,891906,914500
2022-06-02T05:28:00.952689+00:00,891906,914500
2022-06-03T05:12:34.086132+00:00,891906,914500
2022-06-04T05:11:54.054825+00:00,891906,914500
2022-06-05T05:12:44.832420+00:00,891906,914500
2022-06-06T05:14:32.075568+00:00,891906,914500
2022-06-07T05:11:21.913847+00:00,891906,914500
2022-06-08T05:12:49.063954+00:00,895151,919000
2022-06-09T05:12:39.514146+00:00,897116,919000
2022-06-10T05:11:46.138027+00:00,897116,919000
2022-06-11T05:11:14.506525+00:00,897116,919000
2022-06-12T05:11:15.652404+00:00,897116,919000
2022-06-13T05:18:33.357818+00:00,897116,919000
2022-06-14T05:26:44.768793+00:00,897116,919000
2022-06-15T05:17:10.401745+00:00,897116,919000
2022-06-16T05:15:37.034235+00:00,897116,919000
2022-06-17T05:14:54.027137+00:00,897116,919000
2022-06-18T05:11:42.453067+00:00,897116,919000
2022-06-19T05:14:17.150970+00:00,897116,919000
2022-06-20T05:12:40.491167+00:00,926855,919000
2022-06-21T05:18:03.338405+00:00,926015,919000
2022-06-22T05:17:06.671308+00:00,926015,919000
2022-06-23T05:17:56.506387+00:00,926015,915100
2022-06-24T05:18:24.256324+00:00,926015,915100
2022-06-25T05:11:44.817753+00:00,920217,915100
2022-06-26T05:13:37.324489+00:00,920217,915100
2022-06-27T05:24:58.860166+00:00,920217,892600
2022-06-28T05:22:12.495188+00:00,920217,892600
2022-06-29T05:22:45.413491+00:00,920217,892600
2022-06-30T05:21:03.320166+00:00,920217,892600
2022-07-01T05:30:31.026948+00:00,920217,892600
2022-07-02T05:15:13.804777+00:00,920217,892600
2022-07-03T05:12:29.056947+00:00,925581,892600
2022-07-04T05:24:37.661700+00:00,925581,892600
2022-07-05T05:18:35.807308+00:00,925581,892600
2022-07-06T05:24:26.530056+00:00,925581,892600
2022-07-07T05:21:53.686433+00:00,925581,892600
2022-07-08T05:20:14.873422+00:00,925581,892600
2022-07-09T05:11:03.459401+00:00,939595,889400
2022-07-10T05:14:00.562081+00:00,939595,889400
2022-07-11T05:21:26.540357+00:00,939595,889400
2022-07-12T05:34:55.229891+00:00,939595,889400
2022-07-13T05:18:10.562753+00:00,939595,889400
2022-07-14T05:27:51.150165+00:00,939595,889400
2022-07-15T05:38:36.220543+00:00,939595,886000
2022-07-16T05:12:56.325826+00:00,939595,886000
2022-07-17T05:15:50.996743+00:00,937743,886000
2022-07-18T05:26:19.878721+00:00,937743,886000
2022-07-19T05:42:11.602693+00:00,937743,886000
2022-07-20T05:20:43.462053+00:00,937743,886000
2022-07-21T05:25:17.783901+00:00,937743,886000
2022-07-22T05:22:31.146793+00:00,937743,883200
2022-07-23T05:15:11.391738+00:00,937743,883200
2022-07-24T05:16:11.572125+00:00,937743,883200
2022-07-25T05:24:02.982462+00:00,937743,876700
2022-07-26T05:37:02.542155+00:00,937743,876700
2022-07-27T05:29:39.707042+00:00,921310,876700
2022-07-28T05:22:48.921391+00:00,921310,870200
2022-07-29T05:25:23.670066+00:00,921310,870200
2022-07-30T05:16:22.715244+00:00,919971,846200
2022-07-31T05:15:26.581385+00:00,919971,846200
2022-08-01T05:50:27.452968+00:00,919971,833800
2022-08-02T05:39:37.510461+00:00,919971,833800
2022-08-03T05:38:30.775324+00:00,919971,833800
2022-08-04T05:26:46.545937+00:00,919971,833800
2022-08-05T05:29:10.579970+00:00,919971,833800
2022-08-06T05:12:01.636411+00:00,919971,833800
2022-08-07T05:11:46.374948+00:00,919971,833800
2022-08-08T05:18:27.756643+00:00,919971,833800
2022-08-09T05:20:54.725031+00:00,919971,833800
2022-08-10T05:12:20.773121+00:00,918650,833800
2022-08-11T05:13:33.007115+00:00,918650,833800
2022-08-12T05:14:37.095313+00:00,918650,833800
2022-08-13T05:11:50.330160+00:00,918650,827100
2022-08-14T05:13:01.957497+00:00,921647,827100
2022-08-15T05:34:47.754182+00:00,921647,827100
2022-08-16T05:16:09.191791+00:00,921647,827100
2022-08-17T05:38:26.380811+00:00,921647,827100
2022-08-18T05:32:36.581105+00:00,921647,827100
2022-08-19T05:23:46.717325+00:00,921647,827100
2022-08-20T05:15:10.528274+00:00,921647,827100
2022-08-21T05:15:51.990615+00:00,921647,827100
2022-08-22T05:40:15.475399+00:00,917040,827100
2022-08-23T05:51:26.272258+00:00,917040,827100
2022-08-24T05:40:03.567914+00:00,917040,827100
2022-08-25T05:50:42.484145+00:00,917040,827100
2022-08-26T05:55:54.621095+00:00,917040,827100
2022-08-27T05:27:07.589320+00:00,917040,824300
2022-08-28T05:26:54.921785+00:00,917040,824300
2022-08-29T06:04:38.229581+00:00,917040,824300
2022-08-30T06:08:26.012858+00:00,904793,824300
2022-08-31T06:21:16.340091+00:00,904793,824300
2022-09-01T05:47:45.759527+00:00,904793,824300
2022-09-02T05:59:25.667889+00:00,904793,817000
2022-09-03T05:29:24.336115+00:00,904793,817000
2022-09-04T05:31:45.527052+00:00,904793,813100
2022-09-05T05:59:17.546277+00:00,904793,813100
2022-09-06T06:12:22.777572+00:00,904793,813100
2022-09-07T06:12:21.689981+00:00,906015,813100
2022-09-08T05:58:12.423983+00:00,906015,813100
2022-09-09T05:52:04.844721+00:00,906015,813100
2022-09-10T05:42:15.168897+00:00,906015,813100
2022-09-11T05:35:43.853296+00:00,906015,813100
2022-09-12T06:12:11.505933+00:00,882460,813100
2022-09-13T06:12:34.176490+00:00,NaN,810500
2022-09-14T06:04:03.797406+00:00,882460,810500
2022-09-15T05:58:55.385015+00:00,882460,810500
2022-09-16T06:02:31.772466+00:00,882460,810500
2022-09-17T05:35:39.803969+00:00,882460,810500
2022-09-18T05:39:35.949594+00:00,882460,810500
2022-09-19T06:09:02.295231+00:00,882460,810500
2022-09-20T06:02:07.197496+00:00,882460,810500
2022-09-21T06:04:11.816634+00:00,882460,810500
2022-09-22T06:00:03.177305+00:00,881152,810500
2022-09-23T05:58:29.012794+00:00,881152,810500
2022-09-24T05:41:14.121542+00:00,881152,810500
2022-09-25T05:34:56.359269+00:00,881489,810500
2022-09-26T06:06:47.665268+00:00,881489,803000
2022-09-27T06:00:28.825666+00:00,NaN,803000
2022-09-28T06:04:56.050569+00:00,881489,803000
2022-09-29T06:06:08.247269+00:00,881489,803000
2022-09-30T06:08:25.210810+00:00,881489,803000
2022-10-01T05:57:05.317839+00:00,881489,810000
2022-10-02T05:42:53.423976+00:00,900396,810000
2022-10-03T05:39:18.475526+00:00,900396,810000
2022-10-04T05:44:33.184259+00:00,NaN,810000
2022-10-05T05:43:54.641641+00:00,900396,814300
2022-10-06T05:32:47.288769+00:00,900396,814300
2022-10-07T05:32:42.030448+00:00,900396,814300
2022-10-08T05:28:30.965495+00:00,900396,814300
2022-10-09T05:36:29.424268+00:00,900396,814300
2022-10-10T05:59:29.179788+00:00,900396,810600
2022-10-11T05:57:14.329024+00:00,900396,810600
2022-10-12T05:41:49.721116+00:00,907892,810600
2022-10-13T05:58:20.679571+00:00,907892,819400
2022-10-14T06:04:33.677650+00:00,907892,819400
2022-10-15T05:43:42.175228+00:00,907892,805100
2022-10-16T05:41:54.989156+00:00,907892,805100
2022-10-17T06:13:38.102645+00:00,907892,805100
2022-10-18T06:10:31.351779+00:00,NaN,805100
2022-10-19T06:10:14.416012+00:00,878412,805100
2022-10-20T05:38:15.157592+00:00,878412,805100
2022-10-21T05:46:57.702733+00:00,878412,805100
2022-10-22T05:39:59.333982+00:00,878412,805100
2022-10-23T05:40:32.075756+00:00,878412,808300
2022-10-24T06:16:44.997533+00:00,878412,808300
2022-10-25T06:10:59.864591+00:00,873425,808300
2022-10-26T05:27:23.936354+00:00,873425,813100
2022-10-27T05:24:17.188995+00:00,873425,813100
2022-10-28T05:25:57.659091+00:00,873425,813100
2022-10-29T05:19:14.922405+00:00,873425,813100
2022-10-30T05:21:30.391918+00:00,866332,813100
2022-10-31T05:30:45.384918+00:00,866332,813100
2022-11-01T05:43:31.666533+00:00,866332,813100
2022-11-02T05:40:43.834315+00:00,866332,813100
2022-11-03T05:19:42.234751+00:00,866332,813100
2022-11-04T05:20:41.520595+00:00,866332,813100
2022-11-05T05:15:18.731365+00:00,866332,NaN
2022-11-06T05:15:10.512581+00:00,866332,NaN
2022-11-07T05:25:54.626767+00:00,866332,NaN
2022-11-08T05:22:13.942385+00:00,883433,803200
2022-11-09T05:25:17.544118+00:00,883433,803200
2022-11-10T05:21:55.712474+00:00,883433,803200
2022-11-11T05:18:51.291389+00:00,883433,803200
2022-11-12T05:13:55.470039+00:00,883433,803200
2022-11-13T05:14:50.355747+00:00,859400,803200
2022-11-14T05:21:18.214319+00:00,859400,797100
2022-11-15T05:11:57.955935+00:00,859400,797100
2022-11-16T05:11:58.339163+00:00,859400,797100
2022-11-17T05:13:23.688896+00:00,859400,797100
2022-11-18T05:12:33.408799+00:00,859400,797100
2022-11-19T05:12:18.611487+00:00,859181,797100
2022-11-20T05:11:58.845272+00:00,859181,797100
2022-11-21T05:12:42.283804+00:00,859181,797100
2022-11-22T05:12:39.342651+00:00,859181,797100
2022-11-23T05:11:41.658659+00:00,859181,797100
2022-11-24T05:12:56.914309+00:00,859181,797100
2022-11-25T05:11:51.084331+00:00,859181,797100
2022-11-26T05:10:47.021251+00:00,859181,797100
2022-11-27T05:11:04.638036+00:00,859181,797100
2022-11-28T05:12:01.910948+00:00,859181,797100
2022-11-29T05:12:01.360619+00:00,860042,797100
2022-11-30T05:12:01.128055+00:00,860042,797100
2022-12-01T05:12:04.199763+00:00,839345,794200
2022-12-02T05:11:18.614211+00:00,839345,794200
2022-12-03T05:10:22.917508+00:00,839345,794200
2022-12-04T05:10:44.045103+00:00,839345,794200
2022-12-05T05:11:41.174713+00:00,839345,794200
2022-12-06T05:11:33.369259+00:00,842386,794200
2022-12-07T05:11:08.220602+00:00,842386,794200
2022-12-08T05:11:26.610655+00:00,842386,794200
2022-12-09T05:11:10.517410+00:00,842386,794200
2022-12-10T05:10:39.009106+00:00,842386,794200
2022-12-11T05:10:28.157070+00:00,842386,791000
2022-12-12T05:11:14.926907+00:00,842386,791000
2022-12-13T05:11:01.969247+00:00,842386,791000
2022-12-14T05:11:22.360596+00:00,823428,791000
2022-12-15T05:11:39.728141+00:00,823428,791000
2022-12-16T05:10:29.364900+00:00,823428,791000
2022-12-17T05:09:59.005623+00:00,823428,791000
2022-12-18T05:10:18.736183+00:00,823428,791000
2022-12-19T05:11:25.357007+00:00,823428,788400
2022-12-20T05:11:13.499488+00:00,823428,788400
2022-12-21T05:11:21.424330+00:00,823428,788400
2022-12-22T05:11:50.594620+00:00,823428,788400
2022-12-23T05:10:48.729344+00:00,817758,788400
2022-12-24T05:10:49.629766+00:00,819252,788400
2022-12-25T05:10:12.288294+00:00,819252,785300
2022-12-26T05:10:46.783288+00:00,819252,785300
2022-12-27T05:10:51.087976+00:00,819252,785300
2022-12-28T05:10:34.580243+00:00,819252,785300
2022-12-29T05:11:20.568763+00:00,819252,785300
2022-12-30T05:11:30.766027+00:00,819252,785300
2022-12-31T05:10:16.493924+00:00,819252,785300
2023-01-01T05:10:07.525901+00:00,819252,785300
2023-01-02T05:10:50.411818+00:00,819252,785300
2023-01-03T05:10:32.661403+00:00,816228,785300
2023-01-04T05:12:00.994073+00:00,816228,785300
2023-01-05T05:11:37.042060+00:00,816228,785300
2023-01-06T05:11:34.534787+00:00,816228,780700
2023-01-07T05:10:22.987912+00:00,816228,780700
2023-01-08T05:10:53.162654+00:00,840641,780700
2023-01-09T05:11:54.231710+00:00,840641,780700
2023-01-10T05:10:51.078053+00:00,840641,780700
2023-01-11T05:11:18.609648+00:00,840641,778000
2023-01-12T05:11:25.415144+00:00,840641,778000
2023-01-13T05:11:27.630537+00:00,840641,783600
2023-01-14T05:10:23.115543+00:00,840641,783600
2023-01-15T05:11:57.984674+00:00,840641,774300
2023-01-16T05:12:39.967348+00:00,840641,774300
2023-01-17T05:10:50.139562+00:00,840641,774300
2023-01-18T05:11:04.328137+00:00,840641,774300
2023-01-19T05:11:48.073143+00:00,839961,774300
2023-01-20T05:11:08.016538+00:00,839961,774300
2023-01-21T05:11:17.658372+00:00,839961,781700
2023-01-22T05:10:26.158503+00:00,839961,781700
2023-01-23T05:11:05.138024+00:00,839961,781700
2023-01-24T05:10:18.028122+00:00,817089,781700
2023-01-25T05:10:44.179588+00:00,817089,784800
2023-01-26T05:10:54.939616+00:00,817089,784800
2023-01-27T05:11:06.294959+00:00,817089,784800
2023-01-28T05:10:43.183009+00:00,817089,784800
2023-01-29T05:10:16.482760+00:00,807771,791400
2023-01-30T05:11:18.569492+00:00,807771,791400
2023-01-31T05:11:00.126505+00:00,807771,784100
2023-02-01T05:11:51.827720+00:00,807771,784100
2023-02-02T05:10:49.610583+00:00,807771,784100
2023-02-03T05:11:46.304134+00:00,807771,784100
2023-02-04T05:10:17.619304+00:00,807771,784100
2023-02-05T05:10:49.997027+00:00,807771,784100
2023-02-06T05:11:26.815229+00:00,â€”,786900
2023-02-07T05:12:33.229844+00:00,800328,786900
2023-02-08T05:11:40.056977+00:00,800328,786900
2023-02-09T05:11:23.827717+00:00,800328,786900
2023-02-10T05:11:14.866711+00:00,800328,786900
2023-02-11T05:10:35.655989+00:00,823095,786900
2023-02-12T05:11:07.218686+00:00,823095,786900
2023-02-13T05:11:34.288013+00:00,823095,786900
2023-02-14T05:11:40.592580+00:00,823095,786900
2023-02-15T05:11:49.851890+00:00,823095,794200
2023-02-16T05:11:43.784644+00:00,823095,794200
2023-02-17T05:11:21.379757+00:00,823095,794200
2023-02-18T05:10:42.282643+00:00,828658,794200
2023-02-19T05:11:45.987834+00:00,828658,794200
2023-02-20T05:11:55.143549+00:00,828658,794200
2023-02-21T05:12:14.881798+00:00,828658,794200
2023-02-22T05:14:07.475736+00:00,828658,794200
2023-02-23T05:12:36.502044+00:00,828658,794200
2023-02-24T05:11:42.616289+00:00,828658,794200
2023-02-25T05:11:06.121299+00:00,828658,794200
2023-02-26T05:10:58.182386+00:00,826858,794200
2023-02-27T05:13:08.506178+00:00,826858,794200
2023-02-28T05:12:06.353830+00:00,826858,794200
2023-03-01T05:12:50.533675+00:00,826858,797600
2023-03-02T05:14:52.317209+00:00,826858,797600
2023-03-03T05:16:33.509661+00:00,826858,797600
2023-03-04T05:11:00.224594+00:00,826858,797600
2023-03-05T05:10:51.200182+00:00,833664,797600
2023-03-06T05:11:47.971420+00:00,833664,797600
2023-03-07T05:13:10.771946+00:00,833664,797600
2023-03-08T05:11:43.087283+00:00,833664,806700
2023-03-09T05:11:49.727658+00:00,833664,806700
2023-03-10T05:12:42.742669+00:00,833664,806700
2023-03-11T05:11:09.428962+00:00,867121,806700
2023-03-12T05:11:12.197393+00:00,867121,806700
2023-03-13T05:11:14.132618+00:00,867121,806700
2023-03-14T05:11:52.211506+00:00,867121,821000
2023-03-15T05:12:28.320591+00:00,867121,821000
2023-03-16T05:11:22.106481+00:00,867121,821000
2023-03-17T05:11:08.476246+00:00,867121,821000
2023-03-18T05:11:10.479020+00:00,867121,821000
2023-03-19T05:10:37.406473+00:00,868011,821000
2023-03-20T05:11:16.612608+00:00,868011,821000
2023-03-21T05:11:01.824702+00:00,868011,821000
2023-03-22T05:11:52.646851+00:00,868011,821000
2023-03-23T05:10:24.312897+00:00,868011,821000
2023-03-24T05:10:40.866363+00:00,868011,821000
2023-03-25T05:11:20.708997+00:00,867728,821000
2023-03-26T05:10:09.479254+00:00,867728,821000
2023-03-27T05:11:47.176441+00:00,867728,821000
2023-03-28T05:10:51.546746+00:00,867728,821000
2023-03-29T05:11:08.779285+00:00,867728,821000
2023-03-30T05:11:13.548638+00:00,867728,821000
2023-03-31T05:10:31.759415+00:00,871951,821000
2023-04-01T05:10:04.671130+00:00,871951,821000
2023-04-02T05:10:29.090573+00:00,871951,821000
2023-04-03T05:12:26.741414+00:00,871951,821000
2023-04-04T05:10:20.274798+00:00,871951,821000
2023-04-05T05:11:12.690594+00:00,871951,821000
2023-04-06T05:12:43.008161+00:00,871951,NaN
2023-04-07T05:10:11.974338+00:00,871951,821000
2023-04-08T05:09:54.075096+00:00,871951,821000
2023-04-09T05:09:40.871891+00:00,871951,821000
2023-04-10T05:10:49.002876+00:00,871951,821000
2023-04-11T05:10:15.573804+00:00,871951,821000
2023-04-12T05:10:16.383166+00:00,894389,821000
2023-04-13T05:10:19.358745+00:00,894389,821000
2023-04-14T05:10:23.255168+00:00,894389,821000
2023-04-15T05:09:56.695613+00:00,894389,821000
2023-04-16T05:10:41.101964+00:00,894389,821000
2023-04-17T05:10:51.495414+00:00,894389,831200
2023-04-18T05:11:05.221527+00:00,894389,831200
2023-04-19T05:10:42.225585+00:00,894389,831200
2023-04-20T05:11:01.894837+00:00,872730,835600
2023-04-21T05:10:55.727082+00:00,872730,835600
2023-04-22T05:10:10.688692+00:00,889919,835600
2023-04-23T05:10:55.281689+00:00,889919,835600
2023-04-24T05:11:40.099042+00:00,889919,835600
2023-04-25T05:10:53.715002+00:00,889919,835600
2023-04-26T05:10:36.659092+00:00,889919,841100
2023-04-27T05:12:04.374024+00:00,889919,841100
2023-04-28T05:10:43.819361+00:00,889919,841100
2023-04-29T05:10:34.492683+00:00,889919,841100
2023-04-30T05:11:47.701694+00:00,881125,841100
2023-05-01T05:13:02.412479+00:00,881125,844500
2023-05-02T05:13:14.588061+00:00,881125,NaN
2023-05-03T05:12:50.575618+00:00,881125,NaN
2023-05-04T05:10:47.290453+00:00,881125,844500
2023-05-05T05:11:15.918911+00:00,881125,844500
2023-05-06T05:09:31.736279+00:00,881125,844500
2023-05-07T05:13:06.545994+00:00,881125,NaN
2023-05-08T05:13:16.933336+00:00,871919,NaN
2023-05-09T05:10:13.426978+00:00,871919,848800
2023-05-10T05:10:03.346525+00:00,871919,848800
2023-05-11T05:10:12.073736+00:00,871919,848800
2023-05-12T05:12:52.493832+00:00,887584,NaN
2023-05-13T05:12:10.987351+00:00,887584,848800
2023-05-14T05:12:20.802765+00:00,887584,NaN
2023-05-15T05:13:30.098867+00:00,887584,NaN
2023-05-16T05:11:16.096258+00:00,887584,854000
2023-05-17T05:10:10.024778+00:00,887584,854000
2023-05-18T05:10:38.676461+00:00,887584,854000
2023-05-19T05:09:59.791310+00:00,887584,854000
2023-05-20T05:09:57.811155+00:00,877473,854000
2023-05-21T05:09:48.020827+00:00,877473,854000
2023-05-22T05:10:46.465993+00:00,877473,854000
2023-05-23T05:10:24.243183+00:00,877473,854000
2023-05-24T05:10:10.832531+00:00,877473,854000
2023-05-25T05:10:14.352916+00:00,877473,854000
2023-05-26T05:10:06.559760+00:00,877473,854000
2023-05-27T05:10:02.211718+00:00,877473,854000
2023-05-28T05:09:39.827289+00:00,866355,854000
2023-05-29T05:10:36.093672+00:00,866355,854000
2023-05-30T05:10:19.657950+00:00,866355,854000
2023-05-31T05:09:52.424331+00:00,866355,854000
2023-06-01T05:11:44.918832+00:00,866355,854000
2023-06-02T05:10:24.882611+00:00,866355,854000
2023-06-03T05:09:40.870501+00:00,866355,854000
2023-06-04T05:11:13.354471+00:00,889285,854000
2023-06-05T05:10:18.585915+00:00,889285,854000
2023-06-06T05:10:50.147978+00:00,889285,854000
2023-06-07T05:09:51.553115+00:00,889285,854000
2023-06-08T05:10:23.287889+00:00,889285,854000
2023-06-09T05:10:12.030057+00:00,889285,854000
2023-06-10T05:10:05.869370+00:00,889285,854000
2023-06-11T05:09:40.353515+00:00,882459,856700
2023-06-12T05:11:24.967459+00:00,882459,856700
2023-06-13T05:10:33.594420+00:00,882459,856700
2023-06-14T05:10:33.620765+00:00,882459,856700
2023-06-15T05:11:15.300544+00:00,882459,856700
2023-06-16T05:10:44.671727+00:00,882459,856700
2023-06-17T05:10:04.563113+00:00,878661,856700
2023-06-18T05:10:20.905032+00:00,878661,856700
2023-06-19T05:12:18.278836+00:00,878661,856700
2023-06-20T05:11:06.246692+00:00,878661,856700
2023-06-21T05:10:55.269368+00:00,878661,851100
2023-06-22T05:10:40.828210+00:00,878661,851100
2023-06-23T05:12:14.893968+00:00,878661,851100
2023-06-24T05:11:04.867368+00:00,878661,851100
2023-06-25T05:11:14.950102+00:00,877782,855200
2023-06-26T05:12:12.874125+00:00,877782,855200
2023-06-27T05:11:48.675058+00:00,877782,855200
2023-06-28T05:12:36.496485+00:00,877782,855200
2023-06-29T05:14:17.808222+00:00,877782,858800
2023-06-30T05:11:12.056686+00:00,877782,858800
2023-07-01T05:10:53.368798+00:00,870246,858800
2023-07-02T05:11:14.908982+00:00,870246,858800
2023-07-03T05:12:07.467741+00:00,870246,858800
2023-07-04T05:11:55.886514+00:00,870246,858800
2023-07-05T05:12:21.765394+00:00,870246,858800
2023-07-06T05:12:22.803098+00:00,870246,858800
2023-07-07T05:11:38.191221+00:00,870246,858800
2023-07-08T05:11:24.060438+00:00,873118,858800
2023-07-09T05:11:37.730395+00:00,873118,858800
2023-07-10T05:11:49.690064+00:00,873118,858800
2023-07-11T05:11:36.840023+00:00,873118,851200
2023-07-12T05:11:27.230928+00:00,873118,851200
2023-07-13T05:11:45.048838+00:00,873118,851200
2023-07-14T05:12:08.444399+00:00,873118,851200
2023-07-15T05:11:11.223710+00:00,878755,851200
2023-07-16T05:10:53.681742+00:00,878755,851200
2023-07-17T05:12:10.346371+00:00,878755,851200
2023-07-18T05:10:37.191418+00:00,878755,851200
2023-07-19T05:10:55.622386+00:00,878755,851200
2023-07-20T05:10:29.022784+00:00,878755,851200
2023-07-21T05:10:13.721608+00:00,878755,851200
2023-07-22T05:11:16.066476+00:00,878755,851200
2023-07-23T05:09:47.444980+00:00,878755,846900
2023-07-24T05:10:33.994737+00:00,878755,846900
2023-07-25T05:10:17.789541+00:00,879184,846900
2023-07-26T05:09:47.699349+00:00,879184,846900
2023-07-27T05:09:48.101700+00:00,879184,846900
2023-07-28T05:09:59.309282+00:00,NaN,NaN
2023-07-29T05:09:14.986404+00:00,NaN,NaN
2023-07-30T05:09:19.519577+00:00,NaN,NaN
2023-07-31T05:10:08.897329+00:00,NaN,NaN
2023-08-01T05:10:07.968156+00:00,NaN,NaN
2023-08-02T05:09:48.014467+00:00,NaN,NaN
2023-08-03T05:09:51.128729+00:00,NaN,NaN
2023-08-04T05:10:04.121285+00:00,NaN,NaN
2023-08-05T05:09:28.265364+00:00,NaN,NaN
2023-08-06T05:09:12.833821+00:00,NaN,NaN
2023-08-07T05:10:15.573157+00:00,NaN,NaN
2023-08-08T05:10:09.566456+00:00,NaN,NaN
2023-08-09T05:10:01.595262+00:00,NaN,NaN
2023-08-10T05:10:24.269285+00:00,NaN,NaN
2023-08-11T05:09:45.523104+00:00,NaN,NaN
2023-08-12T05:09:13.645121+00:00,NaN,NaN
2023-08-13T05:09:11.903424+00:00,NaN,NaN
2023-08-14T05:09:41.437927+00:00,NaN,NaN
2023-08-15T05:09:37.184471+00:00,NaN,NaN
2023-08-16T05:10:02.113948+00:00,NaN,NaN
2023-08-17T05:09:46.772593+00:00,NaN,NaN
2023-08-18T05:09:33.277348+00:00,NaN,NaN
2023-08-19T05:08:47.678379+00:00,NaN,NaN
2023-08-20T05:08:57.853941+00:00,NaN,NaN
2023-08-21T05:09:40.683900+00:00,NaN,NaN
2023-08-22T05:09:45.593170+00:00,NaN,NaN
2023-08-23T05:09:32.938443+00:00,NaN,NaN
2023-08-24T05:09:31.466465+00:00,NaN,NaN
2023-08-25T05:09:27.450251+00:00,NaN,NaN
2023-08-26T05:09:17.983817+00:00,NaN,NaN
2023-08-27T05:09:20.503223+00:00,NaN,NaN
2023-08-28T05:09:54.355620+00:00,NaN,NaN
2023-08-29T05:09:52.410239+00:00,NaN,NaN
2023-08-30T05:09:49.463226+00:00,NaN,NaN
2023-08-31T05:09:40.856690+00:00,NaN,NaN
2023-09-01T05:10:06.955659+00:00,NaN,NaN
2023-09-02T05:09:15.505883+00:00,NaN,NaN
2023-09-03T05:09:24.301638+00:00,NaN,NaN
2023-09-04T05:10:09.858010+00:00,NaN,NaN
2023-09-05T05:09:58.412342+00:00,NaN,NaN
2023-09-06T05:09:50.038377+00:00,NaN,NaN
2023-09-07T05:09:46.307932+00:00,NaN,NaN
2023-09-08T05:09:49.437827+00:00,NaN,NaN
2023-09-09T05:09:26.521759+00:00,NaN,NaN
2023-09-10T05:09:14.088668+00:00,NaN,NaN
2023-09-11T05:10:14.319644+00:00,NaN,NaN
2023-09-12T05:09:47.763751+00:00,NaN,NaN
2023-09-13T05:09:57.774944+00:00,NaN,NaN
2023-09-14T05:10:10.281018+00:00,NaN,NaN
2023-09-15T05:10:01.531701+00:00,NaN,NaN
2023-09-16T05:09:20.039597+00:00,NaN,NaN
2023-09-17T05:10:25.182808+00:00,NaN,NaN
2023-09-18T05:10:10.977824+00:00,NaN,NaN
2023-09-19T05:10:21.075187+00:00,NaN,NaN
2023-09-20T05:10:02.442124+00:00,NaN,NaN
2023-09-21T05:10:22.483864+00:00,NaN,NaN
2023-09-22T05:09:54.052888+00:00,NaN,NaN
2023-09-23T05:09:34.625821+00:00,NaN,NaN
2023-09-24T05:09:53.904328+00:00,NaN,NaN
2023-09-25T05:10:05.166471+00:00,NaN,NaN
2023-09-26T05:10:16.179173+00:00,NaN,NaN
2023-09-27T05:10:10.173382+00:00,NaN,NaN
2023-09-28T05:10:05.447490+00:00,NaN,NaN
2023-09-29T05:10:18.751074+00:00,NaN,NaN
2023-09-30T05:09:35.989926+00:00,NaN,NaN
2023-10-01T05:09:54.232353+00:00,NaN,NaN
2023-10-02T05:10:01.905127+00:00,NaN,NaN
2023-10-03T05:09:59.113019+00:00,NaN,NaN
2023-10-04T05:10:15.182594+00:00,NaN,NaN
2023-10-05T05:10:19.034373+00:00,NaN,NaN
2023-10-06T05:10:15.483274+00:00,NaN,NaN
2023-10-07T05:09:13.295521+00:00,NaN,NaN
2023-10-08T05:09:29.801819+00:00,NaN,NaN
2023-10-09T05:10:07.088266+00:00,NaN,NaN
2023-10-10T05:10:17.070036+00:00,NaN,NaN
2023-10-11T05:09:57.972211+00:00,NaN,NaN
2023-10-12T05:10:27.317354+00:00,NaN,NaN
2023-10-13T05:10:33.619442+00:00,NaN,NaN
2023-10-14T05:09:27.934005+00:00,NaN,NaN
2023-10-15T05:09:45.925118+00:00,NaN,NaN
2023-10-16T05:10:40.946486+00:00,NaN,NaN
2023-10-17T05:10:20.262555+00:00,NaN,NaN
2023-10-18T05:10:23.595545+00:00,NaN,NaN
2023-10-19T05:10:15.182423+00:00,NaN,NaN
2023-10-20T05:10:02.189398+00:00,NaN,NaN
2023-10-21T05:09:35.959882+00:00,NaN,NaN
2023-10-22T05:10:09.878263+00:00,NaN,NaN
2023-10-23T05:10:15.161929+00:00,NaN,NaN
2023-10-24T05:09:57.466677+00:00,NaN,NaN
2023-10-25T05:10:12.600832+00:00,NaN,NaN
2023-10-26T05:10:19.329429+00:00,NaN,NaN
2023-10-27T05:10:01.619635+00:00,NaN,NaN
2023-10-28T05:09:32.987116+00:00,NaN,NaN
2023-10-29T05:09:46.935769+00:00,NaN,NaN
2023-10-30T05:10:39.929652+00:00,NaN,NaN
2023-10-31T05:10:11.226880+00:00,NaN,NaN
2023-11-01T05:10:31.205166+00:00,NaN,NaN
2023-11-02T05:10:37.435253+00:00,NaN,NaN
2023-11-03T05:10:14.872994+00:00,NaN,NaN
2023-11-04T05:09:41.258482+00:00,NaN,NaN
2023-11-05T05:09:55.952683+00:00,NaN,NaN
2023-11-06T05:11:13.598484+00:00,NaN,NaN
2023-11-07T05:10:18.013121+00:00,NaN,NaN
2023-11-08T05:10:32.559849+00:00,NaN,NaN
2023-11-09T05:10:06.542710+00:00,NaN,NaN
2023-11-10T05:10:15.779157+00:00,NaN,NaN
2023-11-11T05:09:45.727347+00:00,NaN,NaN
2023-11-12T05:10:15.214394+00:00,NaN,NaN
2023-11-13T05:10:46.569727+00:00,NaN,NaN
2023-11-14T05:10:14.178135+00:00,NaN,NaN
2023-11-15T05:10:36.429180+00:00,NaN,NaN
2023-11-16T05:10:59.931948+00:00,NaN,NaN
2023-11-17T05:10:41.879280+00:00,NaN,NaN
2023-11-18T05:10:02.153628+00:00,NaN,NaN
2023-11-19T05:10:05.871785+00:00,NaN,NaN
2023-11-20T05:10:55.233534+00:00,NaN,NaN
2023-11-21T05:10:48.352254+00:00,NaN,NaN
2023-11-22T05:11:20.173809+00:00,NaN,NaN
2023-11-23T05:11:02.816959+00:00,NaN,NaN
2023-11-24T05:10:36.568891+00:00,NaN,NaN
2023-11-25T05:10:08.936135+00:00,NaN,NaN
2023-11-26T05:09:56.968598+00:00,NaN,NaN
2023-11-27T05:11:04.062274+00:00,NaN,NaN
2023-11-28T05:11:16.500457+00:00,NaN,NaN
2023-11-29T05:10:44.878938+00:00,NaN,NaN
2023-11-30T05:10:54.363816+00:00,NaN,NaN
2023-12-01T05:11:11.313800+00:00,NaN,NaN
2023-12-02T05:09:52.544598+00:00,NaN,NaN
2023-12-03T05:09:55.682904+00:00,NaN,NaN
2023-12-04T05:11:06.322981+00:00,NaN,NaN
2023-12-05T05:10:57.850807+00:00,NaN,NaN
